Sequence,LeftResidue,RightResidue,CorePeptide,Left_Sum,Right_Sum,Total_Sum,Left_Percentage,Right_Percentage
EAEDLQVGQVELGGGPGAGSLQPLALEGSLQ(K),,K,EAEDLQVGQVELGGGPGAGSLQPLALEGSLQ,1190000.0,0,1190000.0,100.0,0.0
AEDLQVGQVELGGGPGAGSLQ(P),,P,AEDLQVGQVELGGGPGAGSLQ,17394000.0,0,17394000.0,100.0,0.0
AEDLQVGQVELGGGPGAGSLQP(L),,L,AEDLQVGQVELGGGPGAGSLQP,2020000.0,0,2020000.0,100.0,0.0
AEDLQVGQVELGGGPGAGSLQPLA(L),,L,AEDLQVGQVELGGGPGAGSLQPLA,35170000.0,0,35170000.0,100.0,0.0
AEDLQVGQVELGGGPGAGSLQPLAL(E),,E,AEDLQVGQVELGGGPGAGSLQPLAL,7050000.0,0,7050000.0,100.0,0.0
AEDLQVGQVELGGGPGAGSLQPLALEGS(L),,L,AEDLQVGQVELGGGPGAGSLQPLALEGS,5758000.0,0,5758000.0,100.0,0.0
AEDLQVGQVELGGGPGAGSLQPLALEGSL(Q),,Q,AEDLQVGQVELGGGPGAGSLQPLALEGSL,7980000.0,0,7980000.0,100.0,0.0
AEDLQVGQVELGGGPGAGSLQPLALEGSLQ(K),,K,AEDLQVGQVELGGGPGAGSLQPLALEGSLQ,38360000.0,0,38360000.0,100.0,0.0
EDLQVGQVELGGGP(G),,G,EDLQVGQVELGGGP,12250000.0,0,12250000.0,100.0,0.0
EDLQVGQVELGGGPGAG(S),,S,EDLQVGQVELGGGPGAG,415000.0,0,415000.0,100.0,0.0
EDLQVGQVELGGGPGAGSLQ(P),,P,EDLQVGQVELGGGPGAGSLQ,11868000.0,0,11868000.0,100.0,0.0
EDLQVGQVELGGGPGAGSLQP(L),,L,EDLQVGQVELGGGPGAGSLQP,2430000.0,0,2430000.0,100.0,0.0
EDLQVGQVELGGGPGAGSLQPL(A),,A,EDLQVGQVELGGGPGAGSLQPL,49900000.0,0,49900000.0,100.0,0.0
EDLQVGQVELGGGPGAGSLQPLAL(E),,E,EDLQVGQVELGGGPGAGSLQPLAL,12360000.0,0,12360000.0,100.0,0.0
EDLQVGQVELGGGPGAGSLQPLALEG(S),,S,EDLQVGQVELGGGPGAGSLQPLALEG,2560000.0,0,2560000.0,100.0,0.0
EDLQVGQVELGGGPGAGSLQPLALEGS(L),,L,EDLQVGQVELGGGPGAGSLQPLALEGS,18983000.0,0,18983000.0,100.0,0.0
EDLQVGQVELGGGPGAGSLQPLALEGSL(Q),,Q,EDLQVGQVELGGGPGAGSLQPLALEGSL,0.0,0,0.0,0.0,0.0
EDLQVGQVELGGGPGAGSLQPLALEGSLQ(K),,K,EDLQVGQVELGGGPGAGSLQPLALEGSLQ,154500000.0,0,154500000.0,100.0,0.0
DLQVGQV(E),,E,DLQVGQV,0.0,0,0.0,0.0,0.0
DLQVGQVE(L),,L,DLQVGQVE,0.0,0,0.0,0.0,0.0
DLQVGQVEL(G),,G,DLQVGQVEL,12090000.0,0,12090000.0,100.0,0.0
DLQVGQVELG(G),,G,DLQVGQVELG,0.0,0,0.0,0.0,0.0
DLQVGQVELGGGP(G),,G,DLQVGQVELGGGP,15630000.0,0,15630000.0,100.0,0.0
DLQVGQVELGGGPG(A),,A,DLQVGQVELGGGPG,8148000.0,0,8148000.0,100.0,0.0
DLQVGQVELGGGPGA(G),,G,DLQVGQVELGGGPGA,4221000.0,0,4221000.0,100.0,0.0
DLQVGQVELGGGPGAG(S),,S,DLQVGQVELGGGPGAG,14943000.0,0,14943000.0,100.0,0.0
DLQVGQVELGGGPGAGS(L),,L,DLQVGQVELGGGPGAGS,7059000.0,0,7059000.0,100.0,0.0
DLQVGQVELGGGPGAGSL(Q),,Q,DLQVGQVELGGGPGAGSL,9158000.0,0,9158000.0,100.0,0.0
DLQVGQVELGGGPGAGSLQ(P),,P,DLQVGQVELGGGPGAGSLQ,441000000.0,0,441000000.0,100.0,0.0
DLQVGQVELGGGPGAGSLQP(L),,L,DLQVGQVELGGGPGAGSLQP,264499000.0,0,264499000.0,100.0,0.0
DLQVGQVELGGGPGAGSLQPL(A),,A,DLQVGQVELGGGPGAGSLQPL,371930000.0,0,371930000.0,100.0,0.0
DLQVGQVELGGGPGAGSLQPLA(L),,L,DLQVGQVELGGGPGAGSLQPLA,329200000.0,0,329200000.0,100.0,0.0
DLQVGQVELGGGPGAGSLQPLAL(E),,E,DLQVGQVELGGGPGAGSLQPLAL,35620000.0,0,35620000.0,100.0,0.0
DLQVGQVELGGGPGAGSLQPLALE(G),,G,DLQVGQVELGGGPGAGSLQPLALE,7290000.0,0,7290000.0,100.0,0.0
DLQVGQVELGGGPGAGSLQPLALEG(S),,S,DLQVGQVELGGGPGAGSLQPLALEG,23330000.0,0,23330000.0,100.0,0.0
DLQVGQVELGGGPGAGSLQPLALEGS(L),,L,DLQVGQVELGGGPGAGSLQPLALEGS,354110000.0,0,354110000.0,100.0,0.0
DLQVGQVELGGGPGAGSLQPLALEGSL(Q),,Q,DLQVGQVELGGGPGAGSLQPLALEGSL,120740000.0,0,120740000.0,100.0,0.0
DLQVGQVELGGGPGAGSLQPLALEGSLQ(K),,K,DLQVGQVELGGGPGAGSLQPLALEGSLQ,648831000.0,0,648831000.0,100.0,0.0
DLQVGQVELGGGPGAGSLQPLALEGSLQK(R),,R,DLQVGQVELGGGPGAGSLQPLALEGSLQK,772000.0,0,772000.0,100.0,0.0
LQVGQVELGGGP(G),,G,LQVGQVELGGGP,2892000.0,0,2892000.0,100.0,0.0
LQVGQVELGGGPGAGSLQ(P),,P,LQVGQVELGGGPGAGSLQ,4789000.0,0,4789000.0,100.0,0.0
LQVGQVELGGGPGAGSLQP(L),,L,LQVGQVELGGGPGAGSLQP,597000.0,0,597000.0,100.0,0.0
LQVGQVELGGGPGAGSLQPL(A),,A,LQVGQVELGGGPGAGSLQPL,10030000.0,0,10030000.0,100.0,0.0
LQVGQVELGGGPGAGSLQPLA(L),,L,LQVGQVELGGGPGAGSLQPLA,3955000.0,0,3955000.0,100.0,0.0
LQVGQVELGGGPGAGSLQPLALEGSLQ(K),,K,LQVGQVELGGGPGAGSLQPLALEGSLQ,3420000.0,0,3420000.0,100.0,0.0
QVGQVELGGGPGAGSLQ(P),,P,QVGQVELGGGPGAGSLQ,9152000.0,0,9152000.0,100.0,0.0
QVGQVELGGGPGAGSLQP(L),,L,QVGQVELGGGPGAGSLQP,972000.0,0,972000.0,100.0,0.0
QVGQVELGGGPGAGSLQPL(A),,A,QVGQVELGGGPGAGSLQPL,4485000.0,0,4485000.0,100.0,0.0
QVGQVELGGGPGAGSLQPLA(L),,L,QVGQVELGGGPGAGSLQPLA,6370000.0,0,6370000.0,100.0,0.0
VGQVELGGGPGAGSLQ(P),,P,VGQVELGGGPGAGSLQ,10800000.0,0,10800000.0,100.0,0.0
VGQVELGGGPGAGSLQP(L),,L,VGQVELGGGPGAGSLQP,3074000.0,0,3074000.0,100.0,0.0
VGQVELGGGPGAGSLQPL(A),,A,VGQVELGGGPGAGSLQPL,23302000.0,0,23302000.0,100.0,0.0
VGQVELGGGPGAGSLQPLA(L),,L,VGQVELGGGPGAGSLQPLA,2410000.0,0,2410000.0,100.0,0.0
GQVELGGGPGAGSLQ(P),,P,GQVELGGGPGAGSLQ,3230000.0,0,3230000.0,100.0,0.0
GQVELGGGPGAGSLQP(L),,L,GQVELGGGPGAGSLQP,979000.0,0,979000.0,100.0,0.0
GQVELGGGPGAGSLQPL(A),,A,GQVELGGGPGAGSLQPL,6750000.0,0,6750000.0,100.0,0.0
GQVELGGGPGAGSLQPLA(L),,L,GQVELGGGPGAGSLQPLA,4931000.0,0,4931000.0,100.0,0.0
QVELGGGPGAGSLQ(P),,P,QVELGGGPGAGSLQ,2642000.0,0,2642000.0,100.0,0.0
QVELGGGPGAGSLQP(L),,L,QVELGGGPGAGSLQP,1180000.0,0,1180000.0,100.0,0.0
QVELGGGPGAGSLQPL(A),,A,QVELGGGPGAGSLQPL,1047000.0,0,1047000.0,100.0,0.0
QVELGGGPGAGSLQPLA(L),,L,QVELGGGPGAGSLQPLA,1585000.0,0,1585000.0,100.0,0.0
VELGGGPGAGSLQ(P),,P,VELGGGPGAGSLQ,15990000.0,0,15990000.0,100.0,0.0
VELGGGPGAGSLQPL(A),,A,VELGGGPGAGSLQPL,6275000.0,0,6275000.0,100.0,0.0
VELGGGPGAGSLQPLA(L),,L,VELGGGPGAGSLQPLA,0.0,0,0.0,0.0,0.0
VELGGGPGAGSLQPLALEGSLQ(K),,K,VELGGGPGAGSLQPLALEGSLQ,2064000.0,0,2064000.0,100.0,0.0
ELGGGPGAGSLQ(P),,P,ELGGGPGAGSLQ,2418000.0,0,2418000.0,100.0,0.0
ELGGGPGAGSLQPLA(L),,L,ELGGGPGAGSLQPLA,787000.0,0,787000.0,100.0,0.0
LGGGPGAGSLQ(P),,P,LGGGPGAGSLQ,10130000.0,0,10130000.0,100.0,0.0
GGGPGAGSL(Q),,Q,GGGPGAGSL,0.0,0,0.0,0.0,0.0
GGGPGAGSLQ(P),,P,GGGPGAGSLQ,1922000.0,0,1922000.0,100.0,0.0
GGGPGAGSLQPL(A),,A,GGGPGAGSLQPL,0.0,0,0.0,0.0,0.0
GGGPGAGSLQPLA(L),,L,GGGPGAGSLQPLA,9610000.0,0,9610000.0,100.0,0.0
GGGPGAGSLQPLAL(E),,E,GGGPGAGSLQPLAL,4370000.0,0,4370000.0,100.0,0.0
GGGPGAGSLQPLALEG(S),,S,GGGPGAGSLQPLALEG,1410000.0,0,1410000.0,100.0,0.0
GGGPGAGSLQPLALEGS(L),,L,GGGPGAGSLQPLALEGS,2477000.0,0,2477000.0,100.0,0.0
GGGPGAGSLQPLALEGSL(Q),,Q,GGGPGAGSLQPLALEGSL,0.0,0,0.0,0.0,0.0
GGGPGAGSLQPLALEGSLQ(K),,K,GGGPGAGSLQPLALEGSLQ,19800000.0,0,19800000.0,100.0,0.0
GGPGAGSLQP(L),,L,GGPGAGSLQP,2280000.0,0,2280000.0,100.0,0.0
GGPGAGSLQPLA(L),,L,GGPGAGSLQPLA,917000.0,0,917000.0,100.0,0.0
GGPGAGSLQPLALEGSLQ(K),,K,GGPGAGSLQPLALEGSLQ,2488000.0,0,2488000.0,100.0,0.0
GPGAGSLQPLALEGSLQ(K),,K,GPGAGSLQPLALEGSLQ,930000.0,0,930000.0,100.0,0.0
GAGSLQPLALEGS(L),,L,GAGSLQPLALEGS,3540000.0,0,3540000.0,100.0,0.0
GAGSLQPLALEGSL(Q),,Q,GAGSLQPLALEGSL,4300000.0,0,4300000.0,100.0,0.0
GAGSLQPLALEGSLQ(K),,K,GAGSLQPLALEGSLQ,24030000.0,0,24030000.0,100.0,0.0
SLQPLALEGSLQ(K),,K,SLQPLALEGSLQ,963000.0,0,963000.0,100.0,0.0
LQPLALEGSL(Q),,Q,LQPLALEGSL,168200.0,0,168200.0,100.0,0.0
LQPLALEGSLQ(K),,K,LQPLALEGSLQ,16225000.0,0,16225000.0,100.0,0.0
LALEGSLQ(K),,K,LALEGSLQ,329000.0,0,329000.0,100.0,0.0
