#	Sequence	Han_StemCells_500mgdl_Glucose_AspN_Fxn2	Han_StemCells_500mgdl_Glucose_AspN_Fxn3	Han_StemCells_500mgdl_Glucose_AspN_Fxn4	Han_StemCells_500mgdl_Glucose_AspN_Fxn5	Han_StemCells_500mgdl_Glucose_AspN_Fxn6	Han_StemCells_500mgdl_Glucose_AspN_Fxn7	Han_StemCells_500mgdl_Glucose_AspN_Fxn8
								
								
	EAEDLQVGQVELGGGPGAGSLQPLALEGSLQ							
1	(E)AEDLQVGQVELGGGPGAGSLQ(P)				1.41E+06	2.07E+05		
2	(E)AEDLQVGQVELGGGPGAGSLQP(L)				5.27E+06			
3	(E)AEDLQVGQVELGGGPGAGSLQPLA(L)				8.62E+06	9.29E+06		
4	(E)AEDLQVGQVELGGGPGAGSLQPLAL(E)				5.90E+06	8.02E+05		
5	(E)AEDLQVGQVELGGGPGAGSLQPLALEGS(L)				8.01E+05			
6	(E)AEDLQVGQVELGGGPGAGSLQPLALEGSL(Q)				2.51E+06			
7	(E)AEDLQVGQVELGGGPGAGSLQPLALEGSLQ(K)				4.68E+07	4.28E+06	2.85E+05	
8	(E)ALYLVCGERGFFYTPKT(R)							
9	(E)DLQVGQV(E)				6.07E+05			
10	(E)DLQVGQVE(L)			2.94E+06				
11	(E)DLQVGQVEL(G)			5.49E+06	3.60E+06		7.74E+05	
12	(E)DLQVGQVELG(G)							
13	(E)DLQVGQVELGGGP(G)			2.96E+06	6.73E+06	4.58E+06	1.33E+06	1.93E+06
14	(E)DLQVGQVELGGGPG(A)			1.63E+06	8.09E+05	2.51E+06	7.16E+05	2.71E+05
15	(E)DLQVGQVELGGGPGA(G)			1.85E+06	7.70E+05		1.63E+05	1.37E+05
16	(E)DLQVGQVELGGGPGAG(S)			7.37E+06	2.41E+06		1.53E+06	1.13E+06
17	(E)DLQVGQVELGGGPGAGS(L)			9.48E+06	1.77E+06	1.43E+06	9.18E+05	7.78E+05
18	(E)DLQVGQVELGGGPGAGSL(Q)			5.56E+05	3.45E+06			
19	(E)DLQVGQVELGGGPGAGSLQ(P)			3.02E+07	1.04E+08	3.39E+07	6.80E+06	1.36E+07
20	(E)DLQVGQVELGGGPGAGSLQP(L)			7.23E+06	9.09E+07	2.61E+07	8.12E+06	8.24E+06
21	(E)DLQVGQVELGGGPGAGSLQPL(A)	3.93E+06	5.34E+06	4.70E+06	1.52E+08	6.95E+07	4.37E+07	2.68E+07
22	(E)DLQVGQVELGGGPGAGSLQPLA(L)			4.63E+05	1.14E+08	6.25E+07	7.69E+07	2.55E+07
23	(E)DLQVGQVELGGGPGAGSLQPLAL(E)			6.53E+05	5.33E+06	1.29E+07	7.57E+06	1.45E+07
24	(E)DLQVGQVELGGGPGAGSLQPLALE(G)				2.79E+06		1.58E+06	1.32E+06
25	(E)DLQVGQVELGGGPGAGSLQPLALEG(S)			6.54E+05	1.19E+07			
26	(E)DLQVGQVELGGGPGAGSLQPLALEGS(L)			4.56E+07	1.35E+08	7.70E+07	5.01E+07	3.41E+07
27	(E)DLQVGQVELGGGPGAGSLQPLALEGSL(Q)			7.28E+05	3.73E+07	1.22E+07	8.97E+06	7.55E+06
28	(E)DLQVGQVELGGGPGAGSLQPLALEGSLQ(K)	1.79E+06	9.62E+05	9.78E+06	4.15E+08	1.48E+08	2.12E+08	6.30E+07
29	(E)DLQVGQVELGGGPGAGSLQPLALEGSLQK(R)				1.13E+06			
30	(R)EAEDLQVGQVELGGGPGAGSLQPLALEGSLQ(K)							
31	(A)EDLQVGQVELGGGP(G)				1.14E+07	7.06E+06	3.33E+06	2.15E+06
32	(A)EDLQVGQVELGGGPGAG(S)							
33	(A)EDLQVGQVELGGGPGAGSLQ(P)				4.26E+06	5.10E+06	4.28E+05	2.05E+05
34	(A)EDLQVGQVELGGGPGAGSLQP(L)				2.20E+06		4.13E+05	
35	(A)EDLQVGQVELGGGPGAGSLQPL(A)				1.52E+07	5.61E+06	4.08E+06	8.77E+05
36	(A)EDLQVGQVELGGGPGAGSLQPLAL(E)				2.79E+06	1.24E+06	1.58E+06	1.32E+06
37	(A)EDLQVGQVELGGGPGAGSLQPLALEG(S)				1.18E+06			
38	(A)EDLQVGQVELGGGPGAGSLQPLALEGS(L)				1.08E+07	3.25E+06	9.80E+05	5.57E+05
39	(A)EDLQVGQVELGGGPGAGSLQPLALEGSL(Q)				2.56E+05			
40	(A)EDLQVGQVELGGGPGAGSLQPLALEGSLQ(K)				6.14E+07	4.73E+07	1.02E+07	3.08E+06
41	(V)ELGGGPGAGSLQ(P)					2.18E+06	3.09E+05	
42	(V)ELGGGPGAGSLQPLA(L)					5.64E+05		
43	(G)ERGFFYTPK(T)							3.37E+05
44	(G)ERGFFYTPKT(R)	1.80E+07	1.25E+07	2.95E+07	1.72E+07	5.44E+07	2.31E+07	5.05E+07
45	(G)ERGFFYTPKTRREAE(D)			4.25E+05		1.38E+06		
46	(G)FFYTPKT(R)							
47	(A)FVNQHL(C)	1.20E+06						
48	(A)FVNQHLCGSH(L)						5.20E+05	
49	(A)FVNQHLCGSHLVEAL(Y)		1.78E+06		2.88E+06	3.65E+06		5.37E+05
50	(A)FVNQHLCGSHLVEALY(L)							
51	(F)FYTPKT(R)	8.35E+05						
52	(P)GAGSLQPLALEGS(L)				1.08E+06	1.38E+06	6.59E+05	
53	(P)GAGSLQPLALEGSL(Q)							
54	(P)GAGSLQPLALEGSLQ(K)				8.99E+06	1.91E+07	2.09E+06	7.30E+05
55	(C)GERGFFYTPK(T)							
56	(C)GERGFFYTPKT(R)	8.70E+05					5.28E+05	5.22E+05
57	(R)GFFYTPKT(R)							2.46E+05
58	(L)GGGPGAGSL(Q)						7.01E+05	
59	(L)GGGPGAGSLQ(P)							
60	(L)GGGPGAGSLQPL(A)					3.13E+07		
61	(L)GGGPGAGSLQPLA(L)							
62	(L)GGGPGAGSLQPLAL(E)					3.64E+06	1.74E+06	9.86E+05
63	(L)GGGPGAGSLQPLALEG(S)							
64	(L)GGGPGAGSLQPLALEGS(L)				7.11E+04	1.24E+06	3.42E+05	
65	(L)GGGPGAGSLQPLALEGSL(Q)					4.62E+05		
66	(L)GGGPGAGSLQPLALEGSLQ(K)				5.66E+06	1.30E+07	2.89E+06	1.16E+06
67	(G)GGPGAGSLQP(L)							
68	(G)GGPGAGSLQPLA(L)							
69	(G)GGPGAGSLQPLALEGSLQ(K)				1.38E+06	1.56E+06	5.72E+05	1.52E+05
70	(G)GPGAGSLQPLALEGSLQ(K)				5.32E+05			
71	(V)GQVELGGGPGAGSLQ(P)				1.31E+06	2.37E+06	2.81E+05	
72	(V)GQVELGGGPGAGSLQP(L)				7.37E+05			
73	(V)GQVELGGGPGAGSLQPL(A)				9.35E+05	3.37E+06	8.02E+05	7.05E+05
74	(V)GQVELGGGPGAGSLQPLA(L)					2.98E+06		
75	(P)LALEGSLQ(K)							
76	(E)LGGGPGAGSLQ(P)					1.16E+07	2.41E+06	1.12E+06
77	(S)LQPLALEGSL(Q)							
78	(S)LQPLALEGSLQ(K)				2.78E+06	7.32E+06	1.69E+06	1.34E+06
79	(D)LQVGQVELGGGP(G)					1.06E+06		
80	(D)LQVGQVELGGGPGAGSLQ(P)					9.42E+06	8.94E+05	1.71E+05
81	(D)LQVGQVELGGGPGAGSLQP(L)					4.27E+06	1.37E+05	
82	(D)LQVGQVELGGGPGAGSLQPL(A)					9.54E+06	1.36E+06	1.61E+06
83	(D)LQVGQVELGGGPGAGSLQPLA(L)					1.76E+06		9.65E+05
84	(D)LQVGQVELGGGPGAGSLQPLALEGSLQ(K)				1.11E+06	3.27E+06	1.43E+06	4.70E+05
85	(Y)LVCGERGFFYTPKT(R)				8.11E+05	1.36E+06		3.10E+05
86	(G)QVELGGGPGAGSLQ(P)					5.71E+05		
87	(G)QVELGGGPGAGSLQP(L)							
88	(G)QVELGGGPGAGSLQPL(A)							
89	(G)QVELGGGPGAGSLQPLA(L)					2.93E+05		
90	(L)QVGQVELGGGPGAGSLQ(P)				1.65E+06	2.47E+06		4.67E+05
91	(L)QVGQVELGGGPGAGSLQP(L)							
92	(L)QVGQVELGGGPGAGSLQPL(A)						1.32E+06	1.08E+06
93	(L)QVGQVELGGGPGAGSLQPLA(L)				3.40E+05	9.46E+05	1.18E+06	1.41E+06
94	(G)SLQPLALEGSLQ(K)				8.21E+06	1.16E+06		
95	(C)SLYQLENYCN(-)					3.75E+06		
96	(Q)VELGGGPGAGSLQ(P)				5.17E+06	4.87E+06	1.12E+06	1.08E+06
97	(Q)VELGGGPGAGSLQPL(A)					5.20E+06	1.19E+06	5.50E+05
98	(Q)VELGGGPGAGSLQPLA(L)							
99	(Q)VELGGGPGAGSLQPLALEGSLQ(K)				4.65E+05	1.28E+06		
100	(Q)VGQVELGGGPGAGSLQ(P)				2.39E+06	3.08E+06	7.10E+05	2.82E+05
101	(Q)VGQVELGGGPGAGSLQP(L)					2.18E+06	5.80E+05	
102	(Q)VGQVELGGGPGAGSLQPL(A)						2.31E+06	1.24E+06
103	(Q)VGQVELGGGPGAGSLQPLA(L)						1.35E+06	
104	(L)YLVCGERGFF(Y)							
105	(L)YLVCGERGFFY(T)							
106	(L)YLVCGERGFFYTPK(T)							
107	(L)YLVCGERGFFYTPKT(R)			9.42E+04	1.87E+06	8.19E+06	1.10E+06	2.39E+05