#	Sequence	Han_StemCells_200mgdl_Glucose_AspN_Fxn2	Han_StemCells_200mgdl_Glucose_AspN_Fxn3	Han_StemCells_200mgdl_Glucose_AspN_Fxn4	Han_StemCells_200mgdl_Glucose_AspN_Fxn5	Han_StemCells_200mgdl_Glucose_AspN_Fxn6	Han_StemCells_200mgdl_Glucose_AspN_Fxn7	Han_StemCells_200mgdl_Glucose_AspN_Fxn8
1	(E)AEDLQVGQVELGGGPGAGSLQ(P)	1.29E+06	2.47E+06	1.47E+07	2.85E+06	1.04E+06	3.41E+05	1.25E+05
2	(E)DLQVGQVELGGGPGAGSLQ(P)	9.15E+05	1.55E+06	9.15E+06	2.33E+06	1.19E+06	3.18E+05	9.47E+04
3	(K)RQLEQVGQVELGGGPGAGSLQPLA(L)	2.84E+06	2.36E+06	1.83E+08	6.15E+07	8.54E+07	4.78E+07	1.35E+07
4	(D)LQVGQVELGGGPGAGSLQ(P)	2.76E+07	2.72E+08	8.09E+07	4.20E+07	3.25E+07	1.98E+07	5.64E+06
5	(V)GQVELGGGPGAGSLQP(L)	1.19E+07	1.27E+06	7.04E+06	6.32E+05	3.77E+06	1.99E+06	7.43E+05
2	(E)AEDLQVGQVELGGGPGAGSLQ(P)				3.09E+06			
3	(E)AEDLQVGQVELGGGPGAGSLQP(L)				7.07E+06			
4	(E)AEDLQVGQVELGGGPGAGSLQPLA(L)				1.19E+07			
5	(E)AEDLQVGQVELGGGPGAGSLQPLAL(E)				5.04E+06			
6	(E)AEDLQVGQVELGGGPGAGSLQPLALEGS(L)				3.22E+06			
7	(E)AEDLQVGQVELGGGPGAGSLQPLALEGSL(Q)				7.67E+06			
8	(E)AEDLQVGQVELGGGPGAGSLQPLALEGSLQ(K)				5.63E+07			
9	(A)EDLQVGQVELGGGP(G)			3.72E+05	6.62E+06	5.00E+05	7.13E+05	4.84E+05
10	(A)EDLQVGQVELGGGPGAGSLQ(P)				1.02E+07			
11	(A)EDLQVGQVELGGGPGAGSLQP(L)				4.95E+06			
12	(A)EDLQVGQVELGGGPGAGSLQPL(A)				2.21E+07	7.69E+05		
13	(A)EDLQVGQVELGGGPGAGSLQPLAL(E)				3.98E+06			
14	(A)EDLQVGQVELGGGPGAGSLQPLALEG(S)				1.23E+06			
15	(A)EDLQVGQVELGGGPGAGSLQPLALEGS(L)				1.20E+07			
16	(A)EDLQVGQVELGGGPGAGSLQPLALEGSLQ(K)				4.15E+07	2.16E+06		
17	(E)DLQVGQVEL(G)				5.04E+06	4.42E+05		
18	(E)DLQVGQVELG(G)						9.35E+05	
19	(E)DLQVGQVELGGGP(G)			5.70E+06	1.78E+07	1.64E+06	2.53E+06	1.81E+06
20	(E)DLQVGQVELGGGPG(A)			1.09E+06	1.26E+06			
21	(E)DLQVGQVELGGGPGA(G)			2.19E+06	4.36E+05			
22	(E)DLQVGQVELGGGPGAG(S)			1.79E+06	2.38E+06		3.72E+05	
23	(E)DLQVGQVELGGGPGAGS(L)			1.43E+06	3.39E+06	8.20E+05	4.39E+06	4.35E+06
24	(E)DLQVGQVELGGGPGAGSL(Q)			6.22E+05	2.78E+06			
25	(E)DLQVGQVELGGGPGAGSLQ(P)			6.76E+07	1.36E+08	1.91E+07	2.04E+07	1.31E+07
26	(E)DLQVGQVELGGGPGAGSLQP(L)			4.86E+06	4.45E+07	1.78E+06	6.61E+06	
27	(E)DLQVGQVELGGGPGAGSLQPL(A)	1.23E+06	2.02E+06	3.05E+06	1.64E+08	9.72E+06	5.86E+06	
28	(E)DLQVGQVELGGGPGAGSLQPLA(L)			6.77E+05	1.44E+08	7.30E+06	2.78E+06	
29	(E)DLQVGQVELGGGPGAGSLQPLAL(E)				5.25E+06	1.20E+06		
30	(E)DLQVGQVELGGGPGAGSLQPLALE(G)				6.00E+06			
31	(E)DLQVGQVELGGGPGAGSLQPLALEG(S)			6.28E+05	2.35E+07			
32	(E)DLQVGQVELGGGPGAGSLQPLALEGS(L)			4.39E+07	1.72E+08	4.63E+06		
33	(E)DLQVGQVELGGGPGAGSLQPLALEGSL(Q)				7.30E+07			
34	(E)DLQVGQVELGGGPGAGSLQPLALEGSLQ(K)	1.73E+06	6.14E+05	1.65E+07	3.26E+08	1.73E+08	2.67E+06	2.17E+06
35	(E)DLQVGQVELGGGPGAGSLQPLALEGSLQK(R)				7.69E+05			
36	(D)LQVGQVELGGGP(G)					1.87E+05		
37	(D)LQVGQVELGGGPGAGSLQ(P)				1.08E+05	3.64E+05		
38	(D)LQVGQVELGGGPGAGSLQPLALEGSLQ(K)				3.87E+05			
39	(L)QVGQVELGGGPGAGSLQ(P)				1.44E+06	3.09E+05	3.59E+05	
40	(L)QVGQVELGGGPGAGSLQP(L)					1.71E+05		
41	(L)QVGQVELGGGPGAGSLQPL(A)						6.04E+05	
42	(L)QVGQVELGGGPGAGSLQPLA(L)						6.49E+05	
43	(Q)VGQVELGGGPGAGSLQ(P)				2.32E+06	5.85E+05	2.22E+05	
44	(Q)VGQVELGGGPGAGSLQPL(A)						8.76E+05	1.12E+06
45	(Q)VGQVELGGGPGAGSLQPLA(L)						3.32E+06	
46	(V)GQVELGGGPGAGSLQ(P)				2.74E+06	1.81E+05		
47	(V)GQVELGGGPGAGSLQP(L)				5.52E+05	2.62E+05		
48	(V)GQVELGGGPGAGSLQPL(A)				4.89E+05	3.85E+05	9.49E+05	
49	(V)GQVELGGGPGAGSLQPLA(L)				6.66E+05	6.35E+05		
50	(G)QVELGGGPGAGSLQ(P)				1.96E+06	2.72E+05		
51	(G)QVELGGGPGAGSLQPL(A)						2.44E+05	
52	(Q)VELGGGPGAGSLQ(P)				8.98E+06	8.84E+05	6.36E+05	
53	(Q)VELGGGPGAGSLQPL(A)							1.99E+06
54	(Q)VELGGGPGAGSLQPLA(L)					1.30E+05		
55	(Q)VELGGGPGAGSLQPLALEGSLQ(K)							
56	(E)LGGGPGAGSLQ(P)					6.06E+05	7.97E+05	6.69E+05
57	(L)GGGPGAGSL(Q)						1.60E+05	
58	(L)GGGPGAGSLQ(P)					3.04E+05	2.81E+05	3.24E+05
59	(L)GGGPGAGSLQPLA(L)					1.10E+06	3.60E+06	1.37E+06
60	(L)GGGPGAGSLQPLAL(E)						1.28E+06	1.63E+06
61	(L)GGGPGAGSLQPLALEG(S)					1.10E+05		
62	(L)GGGPGAGSLQPLALEGS(L)				6.17E+05	1.61E+05		
63	(L)GGGPGAGSLQPLALEGSLQ(K)				9.47E+06	1.09E+06	3.00E+06	
64	(G)GGPGAGSLQPLA(L)						9.52E+05	4.84E+05
65	(G)GGPGAGSLQPLALEGSLQ(K)				1.37E+06			
66	(P)GAGSLQPLALEGS(L)				1.44E+06	4.92E+05		
67	(P)GAGSLQPLALEGSLQ(K)				1.61E+07	1.60E+06	4.01E+06	
68	(S)LQPLALEGSLQ(K)				1.79E+06	1.99E+06	4.51E+05	5.03E+05
69	(G)SLQPLALEGSLQ(K)				3.12E+06			